-- Adminer 3.6.4 MySQL dump

SET NAMES utf8;
SET foreign_key_checks = 0;
SET time_zone = '+02:00';
SET sql_mode = 'NO_AUTO_VALUE_ON_ZERO';

CREATE TABLE `categories` (
  `id` int(11) unsigned NOT NULL AUTO_INCREMENT,
  `id_categories` int(11) unsigned DEFAULT NULL,
  `name` varchar(50) COLLATE utf8_czech_ci NOT NULL,
  `detail` text COLLATE utf8_czech_ci NOT NULL,
  `icon` varchar(10) COLLATE utf8_czech_ci NOT NULL,
  `active` tinyint(1) NOT NULL DEFAULT '1',
  PRIMARY KEY (`id`),
  KEY `id_categories` (`id_categories`),
  CONSTRAINT `categories_ibfk_2` FOREIGN KEY (`id_categories`) REFERENCES `categories` (`id`) ON UPDATE CASCADE
) ENGINE=InnoDB DEFAULT CHARSET=utf8 COLLATE=utf8_czech_ci;

INSERT INTO `categories` (`id`, `id_categories`, `name`, `detail`, `icon`, `active`) VALUES
(1,	NULL,	'Jídla',	'',	'food',	1),
(2,	NULL,	'Nápoje',	'',	'glass',	1),
(3,	NULL,	'Dezerty',	'',	'coffee',	1),
(4,	1,	'Snídaně',	'od: 9:00 - 11:00',	'',	1),
(5,	1,	'Sendviče',	'Vyberte toust anebo celozrnnou bagetku s náplní dle výběru',	'',	1),
(6,	1,	'Polévky',	'',	'',	1),
(7,	1,	'Saláty',	'Podáváme s bílým a celozrnným pečivem',	'',	1),
(8,	1,	'Burgry',	'',	'',	1),
(9,	1,	'Steaky',	'250 g',	'',	1),
(10,	1,	'Na kosti',	'Podáváme s bílým a celozrnným pečivem',	'',	1),
(11,	1,	'Party Meals',	'',	'',	1),
(12,	3,	'Moučníky a dezerty',	'dle denní nabídky',	'',	1),
(13,	2,	'Nealkoholické nápoje',	'',	'',	1),
(14,	2,	'Teplé nápoje',	'',	'',	1),
(15,	2,	'Pivo',	'',	'',	1),
(16,	2,	'Aperitif',	'',	'',	1),
(17,	2,	'Lihoviny a likéry',	'',	'',	1),
(18,	2,	'Panáky',	'',	'',	1),
(19,	2,	'Víno',	'',	'',	1),
(20,	2,	'Koktejly',	'Long drinks\nDlouhé nápoje o obsahu do 30 cl podávané ve skleničce typu “high ball”. Základem je zvolená lihovina o obsahu 4 cl, zbytek tvoří ovocné šťávy nebo limonády.',	'',	1),
(21,	15,	'točené',	'',	'',	1),
(22,	15,	'lahvové',	'',	'',	1),
(23,	15,	'cider',	'',	'',	1),
(24,	15,	'nealko pivo',	'',	'',	1),
(25,	18,	'Vodka',	'',	'',	1),
(26,	18,	'Rum & Cachaca',	'',	'',	1),
(27,	18,	'Tequila',	'',	'',	1),
(28,	18,	'Gin',	'',	'',	1),
(29,	18,	'Whisky a Burbon',	'',	'',	1),
(30,	18,	'Koňak',	'',	'',	1),
(31,	18,	'Brandy',	'',	'',	1),
(32,	19,	'Rozlévaná vína',	'',	'',	1),
(33,	19,	'Šumivá vína',	'',	'',	1),
(34,	19,	'Sekty',	'',	'',	1),
(35,	19,	'Desertní vína',	'',	'',	1),
(36,	20,	'Long drinks',	'',	'',	1),
(37,	20,	'Fancy drinks /High balls',	'nejvolnější kategorie koktejlů, kde báze tvoří až 7cl alkoholu s bohatou kombinací různých složek',	'',	1),
(38,	20,	'Coladas',	'',	'',	1),
(39,	20,	'Mojitos/Caipirinhas',	'',	'',	1),
(40,	20,	'After Dinner Cocktails',	'Koktejly podávané po jídle o obsahu do 10cl s kombinacemi destilátů, likérů, sirupů či šťáv a smetany.',	'',	1),
(41,	20,	'Shooters',	'Malé koktejly o obsahu do 5cl podávané v panáku. likéry se vrství dle barev a obsahu cukru na sebe. Mohou se připravovat i promícháním v shakeru.',	'',	1),
(42,	20,	'Soft Drinks',	'nealkoholické nápoje připravované v mixéru či v shaker. Obsahují ovocné nebo zeleninové šťávy, smetanu a čerstvé ovoce, popřípadě ovocné sirupy.',	'',	1);

CREATE TABLE `clients` (
  `id` int(10) unsigned NOT NULL AUTO_INCREMENT,
  `name` varchar(50) COLLATE utf8_czech_ci NOT NULL,
  `email` varchar(50) COLLATE utf8_czech_ci NOT NULL,
  `password` varchar(255) COLLATE utf8_czech_ci NOT NULL,
  PRIMARY KEY (`id`),
  UNIQUE KEY `email` (`email`)
) ENGINE=InnoDB DEFAULT CHARSET=utf8 COLLATE=utf8_czech_ci;


CREATE TABLE `extras` (
  `id` int(10) unsigned NOT NULL AUTO_INCREMENT,
  `name` varchar(100) COLLATE utf8_czech_ci NOT NULL,
  `detail` text COLLATE utf8_czech_ci NOT NULL,
  `active` tinyint(1) unsigned NOT NULL DEFAULT '1',
  PRIMARY KEY (`id`)
) ENGINE=InnoDB DEFAULT CHARSET=utf8 COLLATE=utf8_czech_ci;

INSERT INTO `extras` (`id`, `name`, `detail`, `active`) VALUES
(1,	'Přílohy',	'',	1),
(2,	'Dipy',	'',	1),
(3,	'Dresinky',	'',	1);

CREATE TABLE `extras_items` (
  `id` int(10) unsigned NOT NULL AUTO_INCREMENT,
  `id_extras` int(10) unsigned NOT NULL,
  `name` varchar(100) COLLATE utf8_czech_ci NOT NULL,
  `detail` text COLLATE utf8_czech_ci NOT NULL,
  `quantity` varchar(10) COLLATE utf8_czech_ci DEFAULT NULL,
  `price` decimal(13,2) unsigned DEFAULT NULL,
  `active` tinyint(1) NOT NULL DEFAULT '1',
  PRIMARY KEY (`id`),
  KEY `id_extras` (`id_extras`),
  CONSTRAINT `extras_items_ibfk_2` FOREIGN KEY (`id_extras`) REFERENCES `extras` (`id`) ON UPDATE CASCADE
) ENGINE=InnoDB DEFAULT CHARSET=utf8 COLLATE=utf8_czech_ci;

INSERT INTO `extras_items` (`id`, `id_extras`, `name`, `detail`, `quantity`, `price`, `active`) VALUES
(1,	1,	'Hranolky',	'',	'200 g',	35.00,	1),
(2,	1,	'Domácí steakové brambory',	'',	'200 g',	35.00,	1),
(3,	1,	'Salát Coleslaw',	'',	'200 g',	40.00,	1),
(4,	1,	'Grilovaná zelenina',	'',	'200 g',	60.00,	1),
(5,	1,	'Fazolky se slaninou',	'',	'200 g',	60.00,	1),
(6,	1,	'Rozpečené bagetky s bylinkovým máslem',	'',	'200 g',	35.00,	1),
(7,	2,	'Coyote BBQ',	'',	'80 g',	20.00,	1),
(8,	2,	'BBQ chilli salsa',	'',	'80 g',	20.00,	1),
(9,	2,	'Česnekový',	'',	'80 g',	20.00,	1),
(10,	2,	'Švestkový',	'',	'80 g',	20.00,	1),
(11,	2,	'Blue cheese',	'',	'80 g',	20.00,	1),
(12,	2,	'Hořčicový',	'',	'80 g',	20.00,	1),
(13,	2,	'Guacamole',	'',	'80 g',	20.00,	1),
(14,	2,	'Bylinko-česneková',	'',	NULL,	NULL,	1),
(15,	2,	'Medovo-hořčicová',	'',	NULL,	NULL,	1),
(16,	2,	'Brusinková',	'',	NULL,	NULL,	1),
(18,	3,	'Balzamicko-limetkový',	'',	NULL,	NULL,	1),
(19,	3,	'Medovo-hořčicový',	'',	NULL,	NULL,	1),
(20,	3,	'Blue cheese',	'',	NULL,	NULL,	1),
(21,	3,	'Bylinko-jogurtový',	'',	NULL,	NULL,	1);

CREATE TABLE `flash_messages` (
  `id` int(10) unsigned NOT NULL AUTO_INCREMENT,
  `posted` datetime NOT NULL,
  `from` enum('system','waitress','client') COLLATE utf8_czech_ci NOT NULL,
  `to` enum('system','waitress','client') COLLATE utf8_czech_ci NOT NULL,
  `from_client` int(10) unsigned DEFAULT NULL,
  `to_client` int(10) unsigned DEFAULT NULL,
  `id_tables` int(10) unsigned DEFAULT NULL,
  `message` text COLLATE utf8_czech_ci NOT NULL,
  `unread` tinyint(1) NOT NULL DEFAULT '1',
  PRIMARY KEY (`id`),
  KEY `id_tables` (`id_tables`),
  KEY `from_client` (`from_client`),
  KEY `to_client` (`to_client`),
  CONSTRAINT `flash_messages_ibfk_9` FOREIGN KEY (`to_client`) REFERENCES `clients` (`id`) ON UPDATE CASCADE,
  CONSTRAINT `flash_messages_ibfk_7` FOREIGN KEY (`id_tables`) REFERENCES `tables` (`id`) ON UPDATE CASCADE,
  CONSTRAINT `flash_messages_ibfk_8` FOREIGN KEY (`from_client`) REFERENCES `clients` (`id`) ON UPDATE CASCADE
) ENGINE=InnoDB DEFAULT CHARSET=utf8 COLLATE=utf8_czech_ci;


CREATE TABLE `items` (
  `id` int(10) unsigned NOT NULL AUTO_INCREMENT,
  `id_categories` int(11) unsigned NOT NULL,
  `type` enum('food','drink') COLLATE utf8_czech_ci NOT NULL,
  `name` varchar(100) COLLATE utf8_czech_ci NOT NULL,
  `detail` text COLLATE utf8_czech_ci NOT NULL,
  `quantity` varchar(25) COLLATE utf8_czech_ci DEFAULT NULL,
  `price` decimal(13,2) DEFAULT NULL,
  `active` tinyint(1) NOT NULL DEFAULT '1',
  PRIMARY KEY (`id`),
  KEY `id_categories` (`id_categories`),
  CONSTRAINT `items_ibfk_2` FOREIGN KEY (`id_categories`) REFERENCES `categories` (`id`) ON UPDATE CASCADE
) ENGINE=InnoDB DEFAULT CHARSET=utf8 COLLATE=utf8_czech_ci;

INSERT INTO `items` (`id`, `id_categories`, `type`, `name`, `detail`, `quantity`, `price`, `active`) VALUES
(1,	4,	'food',	'Míchaná vejce se slaninou',	'(podáváme bílé a celozrnné pečivo)',	NULL,	85.00,	1),
(2,	4,	'food',	'Vaječná omeleta se šunkou',	'(podáváme bílé a celozrnné pečivo)',	NULL,	85.00,	1),
(3,	4,	'food',	'Americká snídaně',	'(podáváme bílé a celozrnné pečivo) - míchaná vajíčka, slanina, klobása, grilovaná zelenina',	NULL,	125.00,	1),
(4,	4,	'food',	'Francouzský toust se slaninou a čedarem',	'',	NULL,	55.00,	1),
(5,	4,	'food',	'Lívance s javorovým sirupem, zakysanou smetanou a ovocem',	'',	NULL,	105.00,	1),
(6,	5,	'food',	'Se slaninou, rajčetem a rukolou',	'',	NULL,	65.00,	1),
(7,	5,	'food',	'S krůtí šunkou, ledovým salátem a osmaženou cibulkou',	'',	NULL,	65.00,	1),
(8,	5,	'food',	'S grilovaným kuřecím masem, špenátem a čedarem',	'',	NULL,	77.00,	1),
(9,	5,	'food',	'S grilovaným vepřovým masem, slaninou a sázeným vejcem',	'',	NULL,	77.00,	1),
(10,	5,	'food',	'Coyote Tortilla Wrap s kuřecími stripsy, slaninou a čedarem, česnekový dip',	'',	NULL,	122.00,	1),
(11,	5,	'food',	'Club sandwich s hranolkami',	'',	NULL,	105.00,	1),
(12,	6,	'food',	'Tomatová s bazalkou a parmezánem',	'',	NULL,	45.00,	1),
(13,	6,	'food',	'Francouzská cibulačka se slaninou',	'',	NULL,	45.00,	1),
(14,	7,	'food',	'S flambovamými hruškami a vlašskými ořechy',	'',	NULL,	139.00,	1),
(15,	7,	'food',	'S grilovaným kuřecím masem',	'',	NULL,	139.00,	1),
(16,	7,	'food',	'S grilovanou vepřovou panenkou',	'',	NULL,	169.00,	1),
(17,	7,	'food',	'S grilovaným Camebertem a vlašskými ořechy',	'',	NULL,	169.00,	1),
(18,	8,	'food',	'Hamburger',	'(hovězí, salát, rajče, cibule)',	NULL,	NULL,	1),
(19,	8,	'food',	'Cheeseburger',	'(hovězí, čedar, salát, rajče, cibule)',	NULL,	NULL,	1),
(20,	8,	'food',	'Cheese-Bacon burger',	'(hovězí, slanina, čedar, salát, rajče, cibule)',	NULL,	NULL,	1),
(21,	8,	'food',	'Coleslaw burger',	'(hovězí, slanina, čedar, salát coleslaw)',	NULL,	NULL,	1),
(22,	8,	'food',	'Mexican burger',	'(hovězí, slanina, čedar, chili salsa, salát, rajče, cibule)',	NULL,	NULL,	1),
(23,	8,	'food',	'Hawai burger',	'(hovězí, čedar, ananas, salát, rajče, rukola)',	NULL,	NULL,	1),
(24,	8,	'food',	'Ultimate Cheeseburger ',	'(hovězí, čedar, madeland, gouda, salát, rajče, rukola)',	NULL,	NULL,	1),
(25,	8,	'food',	'Coyote BBQ burger',	' (hovězí, slanina, čedar, cibulové kroužky, BBQ, salát, rajče, cibule)',	NULL,	NULL,	1),
(26,	8,	'food',	'Chicken burger',	'(kuřecí, salát, rajče)',	NULL,	NULL,	1),
(27,	8,	'food',	'Texas Chicken burger',	'(kuřecí, slanina, čedar, salát, rajče)',	NULL,	NULL,	1),
(28,	9,	'food',	'Kuřecí steak',	'',	'250 g',	179.00,	1),
(29,	9,	'food',	'Vepřová kotleta',	'',	'250 g',	189.00,	1),
(30,	9,	'food',	'Vepřová panenka',	'',	'250 g',	259.00,	1),
(31,	9,	'food',	'Hovězí kýta',	'',	'250 g',	269.00,	1),
(32,	9,	'food',	'Hovězí roštěná',	'',	'250 g',	289.00,	1),
(33,	10,	'food',	'Buffalo wings',	'',	NULL,	NULL,	1),
(34,	10,	'food',	'Vepřová žebírka v medové BBQ omáčce (dip: česnek, hořčice)',	'',	'650 g',	239.00,	1),
(35,	11,	'food',	'Kuřecí stripsy se švestkovým dipem',	'',	'200 g',	99.00,	1),
(36,	11,	'food',	'Cibulové kroužky s BBQ dipem',	'',	'100 g',	75.00,	1),
(37,	11,	'food',	'Nachos tortillas s guacamole a chilli salsou',	'',	NULL,	85.00,	1),
(38,	12,	'food',	'Brownie se zmrzlinou',	'',	NULL,	65.00,	1),
(39,	12,	'food',	'Jablečný koláč',	'',	NULL,	55.00,	1),
(40,	12,	'food',	'Tvarohový koláč',	'',	NULL,	75.00,	1),
(41,	12,	'food',	'Lívance s javorovým sirupem, zakysanou smetanou a ovocem',	'',	NULL,	105.00,	1),
(42,	12,	'food',	'Flambované hrušky se zmrzlinou',	'',	NULL,	65.00,	1),
(43,	13,	'drink',	'Coca cola',	'',	'0,33 l',	28.00,	1),
(45,	13,	'drink',	'Fanta',	'',	'0,33 l',	28.00,	1),
(46,	13,	'drink',	'Sprite',	'',	'0,33 l',	28.00,	1),
(47,	13,	'drink',	'Kinley tonic water',	'',	'0,25 l',	28.00,	1),
(48,	13,	'drink',	'Kinley ginger ale',	'',	'0,25 l',	28.00,	1),
(49,	13,	'drink',	'Nestea',	'',	NULL,	NULL,	1),
(50,	13,	'drink',	'Bonaqua neperlivá',	'',	'0,33 l',	23.00,	1),
(51,	13,	'drink',	'Bonaqua jemně perlivá',	'',	'0,33 l',	23.00,	1),
(52,	13,	'drink',	'Cappy',	'',	'0,2 l',	28.00,	1),
(53,	13,	'drink',	'Rubín',	'',	'0,25 l',	28.00,	1),
(54,	13,	'drink',	'Domácí ledový čaj',	'',	'0,3 l',	22.00,	1),
(55,	13,	'drink',	'Domácí zázvorová limonáda',	'',	'0,3 l',	22.00,	1),
(56,	13,	'drink',	'Red Bull',	'',	'0,25 l',	55.00,	1),
(57,	14,	'drink',	'Espresso Ristretto',	'1/2 malého šálku 8 gr/20 ml – krátké extra silné espreso',	NULL,	35.00,	1),
(58,	14,	'drink',	'Espresso Piccolo',	'Malý šálek 8 gr/40 ml – silná aromatická káva',	NULL,	35.00,	1),
(59,	14,	'drink',	'Espresso Lungo',	'2/3 velkého šálku 8 gr/115 ml – espreso a více vody',	NULL,	35.00,	1),
(60,	14,	'drink',	'Espresso Macchiato',	'Malý šálek - espreso 8 gr/40 ml - s mléčnou pěnou',	NULL,	42.00,	1),
(61,	14,	'drink',	'Espresso Doppio',	'1/2 velkého šálku 16 gr/80 ml – dvojité espreso',	NULL,	65.00,	1),
(62,	14,	'drink',	'Cappuccino',	'Velký šálek 1/3 espreso, 1/3 horké mléko, 1/3 mléčná pěna ',	NULL,	42.00,	1),
(63,	14,	'drink',	'Latte Macchiato',	'sklo 1/3 horké mléko, 1/3 espreso, 1/3 mléčná pěna',	NULL,	47.00,	1),
(64,	14,	'drink',	'Vídeňská káva',	'',	NULL,	42.00,	1),
(65,	14,	'drink',	'Ledová káva se zmrzlinou',	'',	NULL,	53.00,	1),
(66,	14,	'drink',	'Překapávaná káva',	'dolévaná',	NULL,	35.00,	1),
(67,	14,	'drink',	'Dallmayr - Černý Darjeeling',	'',	NULL,	28.00,	1),
(68,	14,	'drink',	'Dallmayr - ČernýAssam',	'',	NULL,	28.00,	1),
(69,	14,	'drink',	'Dallmayr - zelený',	'',	NULL,	28.00,	1),
(70,	14,	'drink',	'Dallmayr - Mátový',	'',	NULL,	28.00,	1),
(71,	14,	'drink',	'Dallmayr - Ovocný',	'',	NULL,	28.00,	1),
(72,	14,	'drink',	'Dallmayr - Lesní ovoce',	'',	NULL,	28.00,	1),
(73,	21,	'drink',	'Staropramen 11°',	'',	NULL,	NULL,	1),
(74,	21,	'drink',	'Staropramen Granát',	'',	'0,4 l',	29.00,	1),
(75,	22,	'drink',	'Stella Artois',	'',	'0,5 l',	38.00,	1),
(76,	22,	'drink',	'Hoegardeen witbier',	'',	'0,33 l',	42.00,	1),
(77,	23,	'drink',	'Staropramen Cool lemon',	'',	'0,5 l',	29.00,	1),
(78,	23,	'drink',	'Staropramen Cool grep',	'',	'0,5 l',	29.00,	1),
(79,	15,	'drink',	'Frisco',	'',	'0,33 l',	45.00,	1),
(80,	24,	'drink',	'Staropramen Nealko',	'',	'0,5 l',	24.00,	1),
(81,	24,	'drink',	'Stella Artois N/A',	'',	'0,33 l',	31.00,	1),
(82,	16,	'drink',	'Martini extra Dry',	'',	'0,1 l',	50.00,	1),
(83,	16,	'drink',	'Martini Bianco',	'',	'0,1 l',	50.00,	1),
(84,	16,	'drink',	'Martini Rosso',	'',	'0,1 l',	50.00,	1),
(85,	16,	'drink',	'Campari ',	'',	'0,1 l',	75.00,	1),
(86,	17,	'drink',	'Becherovka',	'',	'0,04 l',	40.00,	1),
(87,	17,	'drink',	'Becherovka Lemond',	'',	'0,04 l',	40.00,	1),
(88,	17,	'drink',	'Fernet Stock',	'',	'0,04 l',	40.00,	1),
(89,	17,	'drink',	'Fernet Stock citrus',	'',	'0,04 l',	40.00,	1),
(90,	17,	'drink',	'Jägermeister',	'',	'0,04 l',	60.00,	1),
(91,	17,	'drink',	'Baileys ',	'',	'0,04 l',	50.00,	1),
(92,	17,	'drink',	'Cointreau',	'',	'0,04 l',	70.00,	1),
(93,	17,	'drink',	'Disaronno',	'',	'0,04 l',	70.00,	1),
(94,	17,	'drink',	'Galliano',	'',	'0,04 l',	75.00,	1),
(95,	17,	'drink',	'Káhlúa',	'',	'0,04 l',	65.00,	1),
(96,	17,	'drink',	'Slivovice Jelínek',	'',	'0,04 l',	50.00,	1),
(97,	17,	'drink',	'Berentzen',	'',	'0,04 l',	35.00,	1),
(98,	17,	'drink',	'Koskenkorva Peach',	'',	'0,04 l',	35.00,	1),
(99,	17,	'drink',	'Zelená Božkov',	'',	'0,04 l',	30.00,	1),
(100,	17,	'drink',	'Griotte Božkov',	'',	'0,04 l',	30.00,	1),
(101,	17,	'drink',	'Tuzemák Božkov',	'',	'0,04 l',	30.00,	1),
(102,	25,	'drink',	'Finlandia',	'',	'0,04 l',	45.00,	1),
(103,	25,	'drink',	'Finlandia Cranberry',	'',	'0,04 l',	45.00,	1),
(104,	25,	'drink',	'Finlandia Grapefruit ',	'',	'0,04 l',	45.00,	1),
(105,	25,	'drink',	'Finlandia Black Currant',	'',	'0,04 l',	45.00,	1),
(106,	25,	'drink',	'Absolut',	'',	'0,04 l',	50.00,	1),
(107,	25,	'drink',	'Absolut Vanilla',	'',	'0,04 l',	50.00,	1),
(108,	25,	'drink',	'Absolut Pear',	'',	'0,04 l',	50.00,	1),
(109,	25,	'drink',	'Absolut Raspberry',	'',	'0,04 l',	50.00,	1),
(110,	25,	'drink',	'Smirnoff',	'',	'0,04 l',	50.00,	1),
(111,	25,	'drink',	'Rusian Standard original',	'',	'0,04 l',	65.00,	1),
(112,	26,	'drink',	'Bacardi Superior',	'',	'0,04 l',	50.00,	1),
(113,	26,	'drink',	'Bacardi Black',	'',	'0,04 l',	50.00,	1),
(114,	26,	'drink',	'Havana Blanco',	'',	'0,04 l',	50.00,	1),
(115,	26,	'drink',	'Havana Aňejo 7 Aňos',	'',	'0,04 l',	95.00,	1),
(116,	26,	'drink',	'Captain Morgan Spiced',	'',	'0,04 l',	45.00,	1),
(117,	26,	'drink',	'Captain Morgan Black',	'',	'0,04 l',	65.00,	1),
(118,	26,	'drink',	'Cachaca',	'',	'0,04 l',	65.00,	1),
(119,	26,	'drink',	'Stroh «80»',	'',	'0,04 l',	80.00,	1),
(120,	26,	'drink',	'Malibu',	'',	'0,04 l',	45.00,	1),
(121,	27,	'drink',	'Pepe Lopez silver',	'',	'0,04 l',	55.00,	1),
(122,	27,	'drink',	'Pepe Lopez gold ',	'',	'0,04 l',	55.00,	1),
(123,	27,	'drink',	'El Jimador Blanco 100% Agave',	'',	'0,04 l',	75.00,	1),
(124,	27,	'drink',	'ElJimador reposado 100% Agave',	'',	'0,04 l',	75.00,	1),
(125,	28,	'drink',	'Bombay Sapphire',	'',	'0,04 l',	60.00,	1),
(126,	28,	'drink',	'Beefeater',	'',	'0,04 l',	60.00,	1),
(127,	28,	'drink',	'Hendrick´s',	'',	'0,04 l',	90.00,	1),
(128,	29,	'drink',	'Tullamore Dew',	'',	'0,04 l',	55.00,	1),
(129,	29,	'drink',	'Tullamore Dew 12 years',	'',	'0,04 l',	115.00,	1),
(130,	29,	'drink',	'Jameson',	'',	'0,04 l',	55.00,	1),
(131,	29,	'drink',	'Jameson 12 years',	'',	'0,04 l',	115.00,	1),
(132,	29,	'drink',	'Ballantines',	'',	'0,04 l',	50.00,	1),
(133,	29,	'drink',	'Johnnie Wolker Red label',	'',	'0,04 l',	55.00,	1),
(134,	29,	'drink',	'Johnnie Wolker Black label 12',	'',	'0,04 l',	115.00,	1),
(135,	29,	'drink',	'Chivas Regal 12 years ',	'',	'0,04 l',	95.00,	1),
(136,	29,	'drink',	'Glenfiddich 12',	'',	'0,04 l',	115.00,	1),
(137,	29,	'drink',	'Jack Daniels',	'',	'0,04 l',	75.00,	1),
(138,	29,	'drink',	'Jim Beam',	'',	'0,04 l',	50.00,	1),
(139,	30,	'drink',	'Hennessy Fine de Cognac',	'',	'0,04 l',	135.00,	1),
(140,	30,	'drink',	'Godet Pearadise',	'',	'0,04 l',	195.00,	1),
(141,	31,	'drink',	'Metaxa 5* ',	'',	'0,04 l',	50.00,	1),
(142,	31,	'drink',	'Metaxa 7*',	'',	'0,04 l',	65.00,	1),
(143,	31,	'drink',	'Metaxa 12* ',	'',	'0,04 l',	135.00,	1),
(144,	32,	'drink',	'Bílé',	'',	'0,2 l ',	36.00,	1),
(145,	32,	'drink',	'Červené',	'',	'0,2 l ',	36.00,	1),
(146,	32,	'drink',	'Růžové',	'',	'0,2 l ',	36.00,	1),
(147,	33,	'drink',	'Lambrusco Bianco ',	'',	'0,2 l',	42.00,	1),
(148,	33,	'drink',	'Lambrusco Rosso',	'',	'0,2 l',	42.00,	1),
(149,	34,	'drink',	'Bohemia Demi sec',	'',	'0,75 l ',	235.00,	1),
(150,	34,	'drink',	'Bohemia Brut',	'',	'0,75 l ',	235.00,	1),
(151,	35,	'drink',	'O´porto royal Ruby',	'',	'0,1 l',	65.00,	1),
(152,	35,	'drink',	'O´porto royal Tawny',	'',	'0,1 l',	65.00,	1),
(153,	35,	'drink',	'O´porto royal White',	'',	'0,1 l',	65.00,	1),
(154,	36,	'drink',	'„Bacardi & Coke“',	'Bacardi Superior, Coca – cola, lime',	NULL,	70.00,	1),
(155,	36,	'drink',	'„Cuba Libre“',	'Havana Blanco, Coca – cola, lime',	NULL,	70.00,	1),
(156,	36,	'drink',	'„Gin & Tonic“ ',	'Gin Bombay Sapphire, Kinley Tonic water, lime /lemon',	NULL,	80.00,	1),
(157,	36,	'drink',	'„Gin fizz“',	'Gin Bombay Sapphire, lemon juice, Sugar sirup, Soda, lemon',	NULL,	75.00,	1),
(158,	36,	'drink',	'„Beton“',	'Becherovka, Kinley Tonic water, lemon',	NULL,	65.00,	1),
(159,	36,	'drink',	'„Bavorák“',	'Fernet Stock, Kinley Tonic water, lemon',	NULL,	65.00,	1),
(160,	36,	'drink',	'„Tequila Sunrise“',	'Tequila Pepe lopez silver, Orange juice, Grenadina',	NULL,	85.00,	1),
(161,	37,	'drink',	'„Bílá myš“',	'Bacardi Superior, Finlandia Cranberry, Cream, Monin Banana, Pear juice  Cocktail našeho barmana oceněn\n1. místo Bacardi-Martini cup 2007 Poděbredy, 1. místo Finlandia cup 2007 Mariánské lázně',	NULL,	99.00,	1),
(162,	37,	'drink',	'„Margarita“',	'Tequila Pepe lopez silver, Cointreau, lemon juice',	NULL,	90.00,	1),
(163,	37,	'drink',	'„High Society“',	'Gin Bombay Sapphire, Peach liqueur, Campari, Grapefruit juice',	NULL,	99.00,	1),
(164,	37,	'drink',	'„Hemingway special“',	'Bacardi Superior, Cherry liqueur, Grapefruit juice, lemon juice',	NULL,	99.00,	1),
(165,	37,	'drink',	'„Zombie“',	'Bacardi Superior, Bacardi Black, Cherry liqueur, Orange juice, lemon juice, Grenadina, Stroh «80»',	NULL,	99.00,	1),
(166,	37,	'drink',	'„Sex on the beach“',	'Finlandia, Peach liqueur, Orange juice, Cranberry juice, Grenadina',	NULL,	99.00,	1),
(167,	37,	'drink',	'„Tornadou Lou“',	'Pisang Ambong liqueur, From green ananas, Vanilla liqueur, Ananas juice, Orange juice',	NULL,	99.00,	1),
(168,	37,	'drink',	'„Long Island ice tea“',	'Finlandia, Gin Bombay Sapphire, Tequila Pepe lopez silver, Bacardi Superior, Orange liqueur,Lemon juice, Coca-Cola ',	NULL,	125.00,	1),
(169,	38,	'drink',	'„Piňa Colada“',	'Bacardi Superior, Monin Coco, Cream, Ananas juice',	NULL,	99.00,	1),
(170,	38,	'drink',	'„Strawberry Colada“',	'Bacardi Superior, Monin Coco, Monin Strawberry, Ananas juice, Cream',	NULL,	99.00,	1),
(171,	39,	'drink',	'„European Mojito“',	'Bacardi Superior, Brown sugar, Mint, lime, Soda, -Served on the crash-',	NULL,	99.00,	1),
(172,	39,	'drink',	'„Caipirinha“',	'Cachaca, Brown sugar, lime',	NULL,	90.00,	1),
(173,	40,	'drink',	'„Black Russian“',	'Finlandia, Káhlúa',	NULL,	80.00,	1),
(174,	40,	'drink',	'„White Russian“',	'Finlandia, Káhlúa, Cream',	NULL,	80.00,	1),
(175,	40,	'drink',	'„Pink lady“',	'Gin Bombay Sapphire, lemon juice, Grenadina',	NULL,	90.00,	1),
(176,	40,	'drink',	'„BMW“',	'Baileys, Malibu, Whisky ',	NULL,	80.00,	1),
(177,	40,	'drink',	'„God Mather“',	'Finlandia, Disaronno',	NULL,	75.00,	1),
(178,	40,	'drink',	'„God Father“',	'Whisky, Disaronno',	NULL,	75.00,	1),
(179,	41,	'drink',	'„B52“',	'Káhlúha, Baileys, Stroh «80»',	NULL,	55.00,	1),
(180,	41,	'drink',	'„Chupito“',	'Bacardi Superior, lime sirup, Cocktail sherry',	NULL,	45.00,	1),
(181,	41,	'drink',	'„Mascarpone“',	'Bacardi Superior, Peach liqueur, lime sirup, Cocktail sherry',	NULL,	50.00,	1),
(182,	42,	'drink',	'„Granát Mojito“',	'Grapefruit juice, lemon juice, Brown sugar, Grenadina, Mattoni',	NULL,	65.00,	1),
(183,	42,	'drink',	'„Mojito soft“',	'Angustura, lime, Brown sugar, Mint, Apple juice, Soda',	NULL,	65.00,	1),
(184,	42,	'drink',	'„Mazaný zajíček“',	'Strawberry juice, Monin Strawberry , Monin Banana, Cream',	NULL,	65.00,	1),
(185,	42,	'drink',	'„Coconut woman“',	'Ananas juice, Monin coco, Grenadina, Cream ',	NULL,	65.00,	1),
(186,	42,	'drink',	'„American limonade“',	'Orange juice, Grenadina, Soda',	NULL,	55.00,	1);

CREATE TABLE `items_variations` (
  `id` int(10) unsigned NOT NULL AUTO_INCREMENT,
  `id_items` int(10) unsigned NOT NULL,
  `quantity` varchar(25) COLLATE utf8_czech_ci NOT NULL,
  `price` decimal(13,3) unsigned NOT NULL,
  `active` tinyint(1) NOT NULL DEFAULT '1',
  PRIMARY KEY (`id`),
  KEY `id_items` (`id_items`),
  CONSTRAINT `items_variations_ibfk_2` FOREIGN KEY (`id_items`) REFERENCES `items` (`id`) ON DELETE CASCADE ON UPDATE CASCADE
) ENGINE=InnoDB DEFAULT CHARSET=utf8 COLLATE=utf8_czech_ci;

INSERT INTO `items_variations` (`id`, `id_items`, `quantity`, `price`, `active`) VALUES
(1,	73,	'0,3 l',	23.000,	1),
(2,	73,	'0,5 l',	29.000,	1),
(3,	97,	'kyselé zelené jablko',	35.000,	1),
(4,	97,	'švestka',	35.000,	1),
(5,	97,	'hruška',	35.000,	1),
(6,	43,	'zero',	28.000,	1),
(7,	43,	'light',	28.000,	1),
(8,	43,	'cherry',	28.000,	1),
(9,	43,	'vanilla (mixed)',	28.000,	1),
(10,	52,	'pomeranč 100%',	28.000,	1),
(11,	52,	'multivitamin',	28.000,	1),
(12,	52,	'grep',	28.000,	1),
(13,	52,	'jahoda',	28.000,	1),
(14,	52,	'jablko',	28.000,	1),
(15,	52,	'hruška',	28.000,	1),
(16,	53,	'jablečný mošt',	28.000,	1),
(17,	53,	'hruška',	28.000,	1),
(18,	53,	'černý rybíz',	28.000,	1),
(19,	53,	'višeň',	28.000,	1),
(20,	53,	'švestka',	28.000,	1),
(21,	53,	'malina',	28.000,	1),
(22,	18,	'singles 180 g',	129.000,	1),
(23,	18,	'doubles 250 g',	159.000,	1),
(24,	19,	'singles 180 g',	139.000,	1),
(25,	19,	'doubles 250 g',	169.000,	1),
(26,	20,	'singles 180 g',	149.000,	1),
(27,	20,	'doubles 250 g',	179.000,	1),
(28,	21,	'singles 180 g',	149.000,	1),
(29,	21,	'doubles 250 g',	179.000,	1),
(30,	22,	'singles 180 g',	169.000,	1),
(31,	22,	'doubles 250 g',	199.000,	1),
(32,	23,	'singles 180 g',	169.000,	1),
(33,	23,	'doubles 250 g',	199.000,	1),
(34,	24,	'singles 180 g',	169.000,	1),
(35,	24,	'doubles 250 g',	199.000,	1),
(36,	25,	'doubles 250 g',	189.000,	1),
(37,	26,	'singles 180 g',	129.000,	1),
(38,	27,	'singles 180 g',	169.000,	1),
(39,	49,	'broskev 0,2 l',	28.000,	1),
(40,	49,	'green tea 0,2 l',	28.000,	1),
(41,	33,	'6 Ks Buffalo wings',	119.000,	1),
(42,	33,	'12 Ks Buffalo wings',	219.000,	1);

CREATE TABLE `keys_categories_and_item_and_extras_items` (
  `id_categories` int(11) unsigned DEFAULT NULL,
  `id_items` int(10) unsigned DEFAULT NULL,
  `id_extras_items` int(10) unsigned NOT NULL,
  KEY `id_extras_items` (`id_extras_items`),
  KEY `id_items` (`id_items`),
  KEY `id_categories` (`id_categories`),
  CONSTRAINT `keys_categories_and_item_and_extras_items_ibfk_7` FOREIGN KEY (`id_categories`) REFERENCES `categories` (`id`) ON DELETE CASCADE ON UPDATE CASCADE,
  CONSTRAINT `keys_categories_and_item_and_extras_items_ibfk_6` FOREIGN KEY (`id_items`) REFERENCES `items` (`id`) ON DELETE CASCADE ON UPDATE CASCADE
) ENGINE=InnoDB DEFAULT CHARSET=utf8 COLLATE=utf8_czech_ci;

INSERT INTO `keys_categories_and_item_and_extras_items` (`id_categories`, `id_items`, `id_extras_items`) VALUES
(7,	NULL,	18),
(7,	NULL,	19),
(7,	NULL,	20),
(7,	NULL,	21),
(8,	NULL,	1),
(8,	NULL,	2),
(8,	NULL,	3),
(8,	NULL,	7),
(8,	NULL,	8),
(8,	NULL,	9),
(8,	NULL,	10),
(8,	NULL,	11),
(8,	NULL,	12),
(8,	NULL,	13),
(9,	NULL,	7),
(9,	NULL,	8),
(9,	NULL,	14),
(9,	NULL,	15),
(9,	NULL,	16),
(9,	NULL,	1),
(9,	NULL,	2),
(9,	NULL,	3),
(9,	NULL,	4),
(9,	NULL,	5),
(9,	NULL,	6),
(NULL,	34,	9),
(NULL,	34,	12);

CREATE TABLE `main_menu` (
  `id` int(11) NOT NULL AUTO_INCREMENT,
  `name` varchar(25) COLLATE utf8_czech_ci NOT NULL,
  `route` varchar(25) COLLATE utf8_czech_ci NOT NULL,
  `icon` varchar(25) COLLATE utf8_czech_ci NOT NULL,
  PRIMARY KEY (`id`)
) ENGINE=InnoDB DEFAULT CHARSET=utf8 COLLATE=utf8_czech_ci;

INSERT INTO `main_menu` (`id`, `name`, `route`, `icon`) VALUES
(1,	'Novinky',	'News:default',	'twitter');

CREATE TABLE `orders` (
  `id` int(10) unsigned NOT NULL AUTO_INCREMENT,
  `id_items` int(10) unsigned NOT NULL,
  `id_items_variations` int(10) unsigned DEFAULT NULL,
  `id_tables` int(10) unsigned DEFAULT NULL,
  `id_clients` int(10) unsigned NOT NULL,
  `extras_items` varchar(50) COLLATE utf8_czech_ci DEFAULT NULL,
  `ordered` datetime DEFAULT NULL,
  `count` tinyint(3) unsigned NOT NULL,
  `status` enum('wait','in progress','done','paid') COLLATE utf8_czech_ci NOT NULL DEFAULT 'wait',
  PRIMARY KEY (`id`),
  KEY `id_tables` (`id_tables`),
  KEY `id_items` (`id_items`),
  KEY `id_clients` (`id_clients`),
  KEY `id_items_variations` (`id_items_variations`),
  CONSTRAINT `orders_ibfk_11` FOREIGN KEY (`id_items_variations`) REFERENCES `items_variations` (`id`) ON UPDATE CASCADE,
  CONSTRAINT `orders_ibfk_7` FOREIGN KEY (`id_tables`) REFERENCES `tables` (`id`) ON UPDATE CASCADE,
  CONSTRAINT `orders_ibfk_8` FOREIGN KEY (`id_items`) REFERENCES `items` (`id`) ON UPDATE CASCADE,
  CONSTRAINT `orders_ibfk_9` FOREIGN KEY (`id_clients`) REFERENCES `clients` (`id`) ON UPDATE CASCADE
) ENGINE=InnoDB DEFAULT CHARSET=utf8 COLLATE=utf8_czech_ci;


CREATE TABLE `tables` (
  `id` int(10) unsigned NOT NULL AUTO_INCREMENT,
  `number` tinyint(3) unsigned NOT NULL,
  `name` varchar(100) COLLATE utf8_czech_ci DEFAULT NULL,
  `detail` text COLLATE utf8_czech_ci NOT NULL,
  PRIMARY KEY (`id`)
) ENGINE=InnoDB DEFAULT CHARSET=utf8 COLLATE=utf8_czech_ci;

INSERT INTO `tables` (`id`, `number`, `name`, `detail`) VALUES
(1,	1,	NULL,	''),
(2,	2,	NULL,	''),
(3,	3,	NULL,	''),
(4,	4,	NULL,	''),
(5,	5,	NULL,	'');

-- 2013-05-15 10:58:47
